first_name,last_name,email,company,address1,address2,city,state,zip,country
Laura,Orrego,sparklepieceblog@gmail.com,,Suite 909-933 Hornby Street.,,Vancouver,B.C.,V6Z 3G4,Canada
Kristin,Kowal,kristinkowal@hotmail.com,,5588 Quartermain Crescent,,Mississauga,Ontario,L5M 5V2,Canada
Victoria,Smart,Victoriasmart91@gmail.com,,30 Applecroft road,,Luton,Beds,Lu28bd,United Kingdom
Julia,Grubert,jdgrubert@gmail.com,,794 Brock Street,,Winnipeg,Manitoba,R3N 0Z5,Canada
Alice,Pluteanu,SprinklesofBeauty@yahoo.com,,"Flat 3, Carter House",4 Carter Road,Coventry,,CV3 1BX,United Kingdom
Dien,Bates,dien_bates@yahoo.co.uk,,18 Mulberry House,Bedford Street,Portsmouth,Southsea,PO5 4BT,United Kingdom
Candice,Kemp,candice@cocobliss.com.au,,49 Knightsbridge Parade East,,Paradise Point,QLD,4216,Australia
